seed_layout,method,n,N_joint_success,median_endpoint_m,P90_endpoint_m,median_depth_m,P90_depth_m,median_phi_deg,P90_phi_deg
BASE,V5M80_VoronoiAOptimalActive,6,10,0.144323709540834,0.186488351916027,0.036444662840809,0.3746845,0.00880602290247268,0.0629651536277187
BASE,V5M80_VoronoiAOptimalActive,8,15,0.0275903883793222,0.0404771275405768,0.00428673441276478,0.0105744112061387,0.0123225678394831,0.0457791244226087
BASE,V5M80_VoronoiAOptimalActive,10,15,0.022814271041163,0.0342025229579758,0.00394489193837705,0.00675115652608083,0.00569995274442192,0.0293456576611
BASE,V5M80_VoronoiAOptimalActive,15,16,0.01875172102895,0.0309636453052469,0.00338219406446422,0.00482087341695403,0.00613244535737234,0.0412536150377179
BASE,V5M80_VoronoiAOptimalActive,20,16,0.0201133342511528,0.030795179921055,0.00377823996015353,0.00471321218595722,0.00613835364390969,0.0429041925051621
BASE,V5M80_SpaceMaximin,6,10,0.144323709540834,0.186488351916027,0.036444662840809,0.3746845,0.00880602290247268,0.0629651536277187
BASE,V5M80_SpaceMaximin,8,12,0.0149532297858397,0.0257674996950635,0.0272862104414593,0.0727723137168593,0.0198885493484914,0.0702171174186788
BASE,V5M80_SpaceMaximin,10,11,0.0129409762942123,0.0228357174442321,0.0275395608353539,0.073735517695327,0.0215302008551692,0.0674189541710177
BASE,V5M80_SpaceMaximin,15,13,0.0150016546975106,0.028587027073523,0.0235045835044992,0.0505487196232067,0.0175706039564334,0.0701750067615023
BASE,V5M80_SpaceMaximin,20,13,0.012732711339994,0.023857564574765,0.0219300817195632,0.0566810217383381,0.0163243787332297,0.0695881308725746
SHIFT_X_P2,V5M80_VoronoiAOptimalActive,6,5,0.144016349198168,0.522876354405774,0.0720092764862416,0.306084525740963,0.0271080783058117,0.180607235189805
SHIFT_X_P2,V5M80_VoronoiAOptimalActive,8,15,0.0270168633754189,0.0349709330360427,0.00398689037973998,0.0137675688413391,0.0135204976307603,0.067197298570818
SHIFT_X_P2,V5M80_VoronoiAOptimalActive,10,16,0.0260910607057128,0.0361831517730656,0.00381478835068883,0.00797016594504873,0.00990705992920483,0.0254538315801653
SHIFT_X_P2,V5M80_VoronoiAOptimalActive,15,16,0.022673561386059,0.0315916794200672,0.00316154296381777,0.00631411671402893,0.00679363630446517,0.0385066852142408
SHIFT_X_P2,V5M80_VoronoiAOptimalActive,20,16,0.0228202883043108,0.0316479503800789,0.00316136131089584,0.00539357479366132,0.00646627225297891,0.0400281081828489
SHIFT_X_P2,V5M80_SpaceMaximin,6,5,0.144016349198168,0.522876354405774,0.0720092764862416,0.306084525740963,0.0271080783058117,0.180607235189805
SHIFT_X_P2,V5M80_SpaceMaximin,8,12,0.0129337566882318,0.0324966334121389,0.0236123601136129,0.0756181642834529,0.0250528077457943,0.0402052403591995
SHIFT_X_P2,V5M80_SpaceMaximin,10,12,0.0100486730683968,0.0227223431320581,0.0210876212139501,0.0758514362639195,0.023562389471408,0.0419442948796415
SHIFT_X_P2,V5M80_SpaceMaximin,15,13,0.00997004245532247,0.0250871757495459,0.0220826728783604,0.0603956208845269,0.018025452259086,0.0399044328202933
SHIFT_X_P2,V5M80_SpaceMaximin,20,11,0.00929639960018677,0.0293647136183635,0.0180706354595995,0.0649236596954073,0.0123734887542923,0.0374556160303711
SHIFT_X_M2,V5M80_VoronoiAOptimalActive,6,8,0.0827498509365125,0.228080195738812,0.0310637682566767,0.428269709984264,0.0280601981694107,0.129504836280151
SHIFT_X_M2,V5M80_VoronoiAOptimalActive,8,15,0.0224975065408342,0.0358161775988158,0.00482111173076916,0.00891743067134398,0.00540952523291338,0.0395495066060949
SHIFT_X_M2,V5M80_VoronoiAOptimalActive,10,16,0.0239279424648772,0.0401998309299567,0.00312653508408417,0.00500441293181375,0.00691002576464683,0.0171014307469477
SHIFT_X_M2,V5M80_VoronoiAOptimalActive,15,16,0.0197444648689157,0.0311225746027084,0.00290489903260382,0.00485011045152628,0.0061297600456669,0.0184235319121085
SHIFT_X_M2,V5M80_VoronoiAOptimalActive,20,16,0.0197509159205546,0.0316193879021993,0.00292110008299007,0.00479385927949872,0.0063237491632151,0.0179330094683303
SHIFT_X_M2,V5M80_SpaceMaximin,6,8,0.0827498509365125,0.228080195738812,0.0310637682566767,0.428269709984264,0.0280601981694107,0.129504836280151
SHIFT_X_M2,V5M80_SpaceMaximin,8,10,0.015242809309394,0.0373521809672282,0.0202191416996753,0.0802921532539058,0.0201716167250088,0.0699112866300382
SHIFT_X_M2,V5M80_SpaceMaximin,10,10,0.0149118246104496,0.0305044881996116,0.0193711658272041,0.0695226856767188,0.0214872675797819,0.0632675301461809
SHIFT_X_M2,V5M80_SpaceMaximin,15,13,0.0175848195760074,0.0298252283777971,0.0178780151799224,0.0463936644724389,0.0180540067400728,0.062480385207369
SHIFT_X_M2,V5M80_SpaceMaximin,20,14,0.0180459029063905,0.0279720961377495,0.0177583573599127,0.0444869648038955,0.0137591872637586,0.0566873456831836
SHIFT_Y_P2,V5M80_VoronoiAOptimalActive,6,5,0.0803088975056518,0.248214112120073,0.0791765408902516,0.238848093918001,0.0480333170941352,0.104345949333408
SHIFT_Y_P2,V5M80_VoronoiAOptimalActive,8,15,0.0233757509563258,0.032917942496238,0.00485388214042732,0.0131445780691182,0.0113208930090139,0.0587732413290993
SHIFT_Y_P2,V5M80_VoronoiAOptimalActive,10,16,0.0207905587850379,0.0308996456664851,0.00286646672477708,0.00618153776438629,0.0111585509566297,0.0241133334222852
SHIFT_Y_P2,V5M80_VoronoiAOptimalActive,15,16,0.0186002157679689,0.029393474457663,0.00310555573129956,0.00436171481566694,0.00608445711910477,0.0138683479710168
SHIFT_Y_P2,V5M80_VoronoiAOptimalActive,20,16,0.0186243890433824,0.0300210835424421,0.00337685367735213,0.00462170055652622,0.00646041262188035,0.0139944299895544
SHIFT_Y_P2,V5M80_SpaceMaximin,6,5,0.0803088975056518,0.248214112120073,0.0791765408902516,0.238848093918001,0.0480333170941352,0.104345949333408
SHIFT_Y_P2,V5M80_SpaceMaximin,8,8,0.0175691692626311,0.0337349578128655,0.0310630243634262,0.0985643792232287,0.0223951638757117,0.0667994448493232
SHIFT_Y_P2,V5M80_SpaceMaximin,10,8,0.0144359617214036,0.0312933878093719,0.0368387883510669,0.103086495999032,0.0200879902574025,0.067416890032689
SHIFT_Y_P2,V5M80_SpaceMaximin,15,11,0.0134435347204161,0.0310659476153927,0.0258116219405733,0.0828816562848937,0.0169049126235166,0.0678584886581639
SHIFT_Y_P2,V5M80_SpaceMaximin,20,10,0.014588645709526,0.0291775977463389,0.0245448557486503,0.0780534212206602,0.0124619769888454,0.0645597858181191
SHIFT_Y_M2,V5M80_VoronoiAOptimalActive,6,10,0.0982028476646625,0.203786923038907,0.0300520608096925,0.5357595,0.0497841140611292,0.122371261456351
SHIFT_Y_M2,V5M80_VoronoiAOptimalActive,8,16,0.0235494403943359,0.0361995294585083,0.005420206899925,0.0109411305780918,0.0133818741035862,0.025360614891639
SHIFT_Y_M2,V5M80_VoronoiAOptimalActive,10,16,0.0231220217763893,0.0369991894866084,0.003156913648515,0.00494642181310356,0.00600761660670202,0.0182026977356183
SHIFT_Y_M2,V5M80_VoronoiAOptimalActive,15,16,0.0177880673061519,0.0354737128935036,0.00342967621348505,0.00533765106733953,0.00496572476620827,0.0167597217017672
SHIFT_Y_M2,V5M80_VoronoiAOptimalActive,20,16,0.0177527529960088,0.0362781356790393,0.0036060880811542,0.00534372811789363,0.00516123502413546,0.0165233735130314
SHIFT_Y_M2,V5M80_SpaceMaximin,6,10,0.0982028476646625,0.203786923038907,0.0300520608096925,0.5357595,0.0497841140611292,0.122371261456351
SHIFT_Y_M2,V5M80_SpaceMaximin,8,13,0.0117618017424029,0.0244981171237025,0.0214850236141111,0.067210928315298,0.0186169619150362,0.0480221664987646
SHIFT_Y_M2,V5M80_SpaceMaximin,10,13,0.00976065326524257,0.0228161476330155,0.0233639906069444,0.0572986705199067,0.019248705713693,0.0351859336529579
SHIFT_Y_M2,V5M80_SpaceMaximin,15,14,0.00816730436369722,0.0242536252009823,0.019858293889977,0.0559103416123259,0.0172983436139731,0.0333761453565593
SHIFT_Y_M2,V5M80_SpaceMaximin,20,15,0.00957851715070049,0.0272520706975007,0.0171016627276308,0.0415550967110744,0.0166930872327926,0.0348319022775492
JITTER_A,V5M80_VoronoiAOptimalActive,6,12,0.0635524024655364,0.142725901709779,0.0191679893780008,0.069529689051245,0.01808090439732,0.0977103325052726
JITTER_A,V5M80_VoronoiAOptimalActive,8,15,0.0274312916041808,0.0379529023666151,0.0049364118339893,0.0132266422009137,0.0130252823000774,0.0188602189930833
JITTER_A,V5M80_VoronoiAOptimalActive,10,16,0.020781974528815,0.0389439452116634,0.00334842255021478,0.00655458237672923,0.00852185135408235,0.0176855079780154
JITTER_A,V5M80_VoronoiAOptimalActive,15,16,0.0209179666522859,0.0337041615248775,0.00289620135313562,0.00450778384839478,0.00917487436307507,0.016732621011073
JITTER_A,V5M80_VoronoiAOptimalActive,20,16,0.0208258573004042,0.0344400038580401,0.00291701095369101,0.00465957318750554,0.00959911204017061,0.0169989195580591
JITTER_A,V5M80_SpaceMaximin,6,12,0.0635524024655364,0.142725901709779,0.0191679893780008,0.069529689051245,0.01808090439732,0.0977103325052726
JITTER_A,V5M80_SpaceMaximin,8,12,0.0178288985768912,0.0303183901508512,0.0225500941384468,0.057209287030244,0.0213498332110245,0.087432231295196
JITTER_A,V5M80_SpaceMaximin,10,12,0.0131938187966733,0.0265232758864156,0.0225245786746187,0.0578534634485506,0.0192018771507776,0.0832267555806823
JITTER_A,V5M80_SpaceMaximin,15,13,0.00940274368674962,0.0202963536120534,0.0247586407903435,0.0485175448972923,0.0159844685157395,0.0790273096264116
JITTER_A,V5M80_SpaceMaximin,20,12,0.0108118440683145,0.0232493439912235,0.0256730127566386,0.0520042951012714,0.014698184433854,0.0762252753811765
JITTER_B,V5M80_VoronoiAOptimalActive,6,10,0.0685212433533555,0.256070898335905,0.0302170963755869,0.107619759013869,0.0125526829439834,0.0541490549830463
JITTER_B,V5M80_VoronoiAOptimalActive,8,16,0.0219114028246334,0.0357285188052156,0.00423649910617713,0.0121979161294247,0.0109120713732675,0.031962140226839
JITTER_B,V5M80_VoronoiAOptimalActive,10,16,0.0232184041999525,0.0357434203433711,0.00333385058649543,0.00685554622829943,0.00543315487642282,0.0144203732726585
JITTER_B,V5M80_VoronoiAOptimalActive,15,16,0.0231963058221972,0.0332869865889849,0.00358714308510621,0.00476547676981848,0.00634951561917507,0.0103524500601964
JITTER_B,V5M80_VoronoiAOptimalActive,20,16,0.0231179430293742,0.0337282439489898,0.00359875245776825,0.00490490742722538,0.00602174252651366,0.0102704008887571
JITTER_B,V5M80_SpaceMaximin,6,10,0.0685212433533555,0.256070898335905,0.0302170963755869,0.107619759013869,0.0125526829439834,0.0541490549830463
JITTER_B,V5M80_SpaceMaximin,8,13,0.00906329034164245,0.0217540517022229,0.0241983030214897,0.0860101636133984,0.0186670661416315,0.0461953818775598
JITTER_B,V5M80_SpaceMaximin,10,13,0.00833523545852407,0.0198802804771063,0.0250272742918419,0.0882276538075626,0.0132497306604193,0.0541178086375709
JITTER_B,V5M80_SpaceMaximin,15,14,0.00894566512435968,0.0293884436286773,0.025051198065074,0.0480499819557586,0.010863777350484,0.050907807174184
JITTER_B,V5M80_SpaceMaximin,20,15,0.0149456535893549,0.0264045567862125,0.0232902364296942,0.0398383810122829,0.00933605489478848,0.0508652898206776
